<?xml version='1.0' encoding='UTF-8'?>
<!--
**************************************************
WebCT 959112278 Content Module properties
generated by WebCT Content Packaging API
**************************************************
-->
<properties xmlns='http://www.webct.com/IMS'
            type='Content Module Properties'>
  <actionmenu align='top'>
    <annotationsbutton/>
    <searchbutton/>
    <discussionsbutton/>
    <glossarybutton/>
  </actionmenu>
  <toc numbering='yes' initial='1' isfirstpage='yes'
       visibleincontent='no'>
  <!--***** Customized Table of Contents (within toc tag) *****-->
  <colorset propertyref='content module'/>
  </toc>
  <!--***** Defaults for all content pages *****-->
  <colorset propertyref='content module'/>
</properties>